"","year","mean_specials_differential"
"1",2002,15.936004077472
"2",2004,26.5876329172937
"3",2006,7.30857698937452
"4",2008,2.92498997456339
"5",2010,-2.05924837398632
"6",2012,-8.18316104387901
"7",2014,-3.17599469430578
"8",2016,-16.4221158249358
"9",2018,12.3481652434081
"10",2020,3.66141023859835
"11",2022,1.58707071287889
"12",2024,6.41641071933427
