"","year","previous","current","change"
"1",2002,5.8,5.7,-0.0999999999999996
"2",2004,5.5,5.4,-0.0999999999999996
"3",2006,4.7,4.5,-0.2
"4",2008,5.8,6.1,0.3
"5",2010,9.4,9.5,0.0999999999999996
"6",2012,8.2,7.8,-0.399999999999999
"7",2014,6.2,5.9,-0.3
"8",2016,4.8,5,0.2
"9",2018,3.8,3.7,-0.0999999999999996
"10",2020,10.2,7.8,-2.4
"11",2022,3.5,3.5,0
"12",2024,4.1,4.2,0.100000000000001
